﻿<?xml version="1.0" encoding="utf-8"?>
<deployment>
  <id>c470b53b-3f92-41b8-893f-841cc9e80718</id>
  <author>N/A</author>
  <deployer>GITHUB_ZIP_DEPLOY</deployer>
  <authorEmail>N/A</authorEmail>
  <message>{"type":"deployment","sha":"eaeb781df324dc0c1f5b1a4d1809cef4d3a6a887","repoName":"chattanoogahockey/scorekeeper2","actor":"chattanoogahockey","slotName":"production","commitMessage":"Switch to schedule container for games API - matches actual Cosmos DB structure"}</message>
  <progress></progress>
  <status>Success</status>
  <statusText></statusText>
  <lastSuccessEndTime>2025-07-26T22:40:13.4698406Z</lastSuccessEndTime>
  <receivedTime>2025-07-26T22:40:01.0450167Z</receivedTime>
  <startTime>2025-07-26T22:40:02.434643Z</startTime>
  <endTime>2025-07-26T22:40:13.4698406Z</endTime>
  <complete>True</complete>
  <is_temp>False</is_temp>
  <is_readonly>True</is_readonly>
  <buildSummary />
</deployment>