﻿<?xml version="1.0" encoding="utf-8"?>
<deployment>
  <id>f232ad7c-8355-43b0-b88e-ab2e977c1a51</id>
  <author>N/A</author>
  <deployer>GITHUB_ZIP_DEPLOY</deployer>
  <authorEmail>N/A</authorEmail>
  <message>{"type":"deployment","sha":"c86bc3ee9760259b9b48ef4a0cc09420d3c9a38f","repoName":"chattanoogahockey/scorekeeper2","actor":"chattanoogahockey","slotName":"production","commitMessage":""}</message>
  <progress></progress>
  <status>Success</status>
  <statusText></statusText>
  <lastSuccessEndTime>2025-07-26T22:21:04.1928967Z</lastSuccessEndTime>
  <receivedTime>2025-07-26T22:20:52.2139345Z</receivedTime>
  <startTime>2025-07-26T22:20:53.4558576Z</startTime>
  <endTime>2025-07-26T22:21:04.1928967Z</endTime>
  <complete>True</complete>
  <is_temp>False</is_temp>
  <is_readonly>True</is_readonly>
  <buildSummary />
</deployment>