<step title="Incoming Request" date="2025-07-26T22:17:31.531" instance="a5653c" url="/api/zipdeploy?isAsync=true&amp;deployer=GITHUB_ZIP_DEPLOY&amp;message=%7B%22type%22%3A%22deployment%22%2C%22sha%22%3A%22c86bc3ee9760259b9b48ef4a0cc09420d3c9a38f%22%2C%22repoName%22%3A%22chattanoogahockey%2Fscorekeeper2%22%2C%22actor%22%3A%22chattanoogahockey%22%2C%22slotName%22%3A%22production%22%2C%22commitMessage%22%3A%22Fix%20Cosmos%20DB%20authentication%20with%20connection%20string%20support%22%7D" method="POST" type="request" pid="823,1,18" Host="scorekeeper.scm.azurewebsites.net" User-Agent="GITHUBACTIONS_DeployWebAppToAzure_185d9b4bcafe7e4ac3b2d131314f93e1d21a9c4fd3cd3426031e8ba675ca7140" Authorization="Bea..." Content-Type="application/octet-stream" Cookie="ARRAffinity=a5653cfdf14c8f3313bb5e81498415621191f39e9781757d6a8f77265d97d272;Path=/;HttpOnly;Secure;Domain=scorekeeper.scm.azurewebsites.net; ARRAffinitySameSite=a5653cfdf14c8f3313bb5e81498415621191f39e9781757d6a8f77265d97d272;Path=/;HttpOnly;SameSite=None;Secure;Domain=scorekeeper.scm.azurewebsites.net" Transfer-Encoding="chunked" X-ARR-LOG-ID="a0b0d1c4-abed-4fc8-ba1e-d73db61360bb" CLIENT-IP="172.171.254.145:5121" X-SITE-DEPLOYMENT-ID="scorekeeper" WAS-DEFAULT-HOSTNAME="scorekeeper.scm.azurewebsites.net" X-Forwarded-Proto="https" X-AppService-Proto="https" X-Forwarded-TlsVersion="1.3" X-WAWS-Unencoded-URL="/api/zipdeploy?isAsync=true&amp;deployer=GITHUB_ZIP_DEPLOY&amp;message=%7B%22type%22%3A%22deployment%22%2C%22sha%22%3A%22c86bc3ee9760259b9b48ef4a0cc09420d3c9a38f%22%2C%22repoName%22%3A%22chattanoogahockey%2Fscorekeeper2%22%2C%22actor%22%3A%22chattanoogahockey%22%2C%22slotName%22%3A%22production%22%2C%22commitMessage%22%3A%22Fix%20Cosmos%20DB%20authentication%20with%20connection%20string%20support%22%7D" X-Client-IP="172.171.254.145" X-Client-Port="5121" >
  <step title="Cleanup Xml Logs" date="2025-07-26T22:17:31.550" /><!-- duration: 31ms -->
  <step title="ZipPushDeploy" date="2025-07-26T22:17:31.711" >
    <step title="ZipDeploy. Extract zip." date="2025-07-26T22:17:31.747" /><!-- duration: 2ms -->
    <step title="None repository commit" date="2025-07-26T22:17:31.756" >
      <step title="Commit id: 57681fff-d0fc-43b9-a8b3-d8cee34c1f83" date="2025-07-26T22:17:31.757" Message="N/A" AuthorName="N/A" AuthorEmail="N/A" /><!-- duration: 3ms -->
    </step><!-- duration: 7ms -->
    <step title="Starting PushDeployAsync" date="2025-07-26T22:17:31.765" /><!-- duration: 2ms -->
    <step title="Removing node_modules symlink" date="2025-07-26T22:17:31.791" >
      <step title="Removing _del_node_modules symlink" date="2025-07-26T22:17:31.895" >
        <step title="Writing artifact to /tmp/zipdeploy/12778626-2380-4401-baf6-28e1a4193a1c.zip" date="2025-07-26T22:17:31.945" >
          <step title="Writing multipart request body to /tmp/zipdeploy/12778626-2380-4401-baf6-28e1a4193a1c.zip" date="2025-07-26T22:17:31.948" /><!-- duration: 9ms -->
        </step><!-- duration: 318ms -->
        <step title="Removing previous build artifact&apos;s manifest file" date="2025-07-26T22:17:32.266" >
          <step title="Start deployment in the background" date="2025-07-26T22:17:32.288" >
            <step title="Acquiring Deployment Lock" date="2025-07-26T22:17:32.311" /><!-- duration: 3ms -->
            <step title="Acquired Deployment Lock" date="2025-07-26T22:17:32.365" /><!-- duration: 1ms -->
          </step><!-- duration: 229ms -->
        </step><!-- duration: 256ms -->
        <step title="Outgoing response" date="2025-07-26T22:17:32.539" type="response" statusCode="202" statusText="Accepted" /><!-- duration: 12ms -->
      </step><!-- duration: 664ms -->
