<step title="BackgroundTrace" date="2025-07-26T22:39:47.325" instance="a5653c" url="/api/zipdeploy" method="POST" >
  <step title="Creating temporary deployment - FetchDeploymentManager" date="2025-07-26T22:39:47.560" /><!-- duration: 2ms -->
  <step title="Creating temporary deployment" date="2025-07-26T22:39:47.579" /><!-- duration: 113ms -->
  <step title="Performing fetch based deployment" date="2025-07-26T22:39:47.712" >
    <step title="Cleaning up temp folders from previous zip deployments and extracting pushed zip file /tmp/zipdeploy/6720d25b-e300-4565-bb21-bb7afc1a54a5.zip (10.33 MB) to /tmp/zipdeploy/extracted" date="2025-07-26T22:39:49.135" >
      <step title="ChmodRecursive Process exited with total time taken in ms: 492" date="2025-07-26T22:39:58.946" /><!-- duration: 17ms -->
    </step><!-- duration: 9839ms -->
    <step title="Deployment timer started" date="2025-07-26T22:40:00.987" >
      <step title="DeploymentManager.Deploy(id:c470b53b-3f92-41b8-893f-841cc9e80718)" date="2025-07-26T22:40:00.992" >
        <step title="Collecting changeset information" date="2025-07-26T22:40:01.015" /><!-- duration: 82ms -->
        <step title="Updating submodules" date="2025-07-26T22:40:01.106" /><!-- duration: 1166ms -->
        <step title="Determining deployment builder" date="2025-07-26T22:40:02.504" >
          <step title="Builder is BasicBuilder" date="2025-07-26T22:40:02.524" /><!-- duration: 3ms -->
        </step><!-- duration: 41ms -->
        <step title="PreDeployment: context.CleanOutputPath False" date="2025-07-26T22:40:02.654" >
          <step title="PreDeployment: context.OutputPath /home/site/wwwroot" date="2025-07-26T22:40:02.788" >
            <step title="Building" date="2025-07-26T22:40:02.939" >
              <step title="Executing external process" date="2025-07-26T22:40:03.893" type="process" path="starter.sh" arguments="/opt/Kudu/Scripts/absoluteTar.sh /tmp/zipdeploy/extracted/node_modules /tmp/zipdeploy/extracted/node_modules.tar.gz" /><!-- duration: 4632ms -->
              <step title="Executing external process" date="2025-07-26T22:40:08.714" type="process" path="starter.sh" arguments="/opt/Kudu/Scripts/parallel_rsync.sh /tmp/zipdeploy/extracted /home/site/wwwroot 8 /tmp/ False True node_modules " /><!-- duration: 3859ms -->
              <step title="Triggering recycle (preview mode disabled)." date="2025-07-26T22:40:13.096" /><!-- duration: 2ms -->
              <step title="Modified file to trigger a restart of the app container." date="2025-07-26T22:40:13.120" /><!-- duration: 2ms -->
              <step title="Skip function trigger and logicapp sync because function is not enabled." date="2025-07-26T22:40:13.125" /><!-- duration: 2ms -->
            </step><!-- duration: 11009ms -->
          </step><!-- duration: 11163ms -->
          <step title="Cleaning up temp files" date="2025-07-26T22:40:13.953" /><!-- duration: 9ms -->
          <step title="Cleaning up temp files" date="2025-07-26T22:40:13.964" /><!-- duration: 503ms -->
          <step title="Reloading status file with latest updates" date="2025-07-26T22:40:14.490" >
            <step title="WebHooksManager.PublishEventAsync: PostDeployment" date="2025-07-26T22:40:14.499" /><!-- duration: 24ms -->
          </step><!-- duration: 35ms -->
          <step title="Cleaning up temporary deployment - fetch deployment was successful" date="2025-07-26T22:40:14.528" /><!-- duration: 2ms -->
        </step><!-- duration: 11927ms -->
      </step><!-- duration: 13604ms -->
