<step title="BackgroundTrace" date="2025-07-26T22:17:32.294" instance="a5653c" url="/api/zipdeploy" method="POST" >
  <step title="Creating temporary deployment - FetchDeploymentManager" date="2025-07-26T22:17:32.368" /><!-- duration: 2ms -->
  <step title="Creating temporary deployment" date="2025-07-26T22:17:32.376" /><!-- duration: 125ms -->
  <step title="Performing fetch based deployment" date="2025-07-26T22:17:32.573" >
    <step title="Cleaning up temp folders from previous zip deployments and extracting pushed zip file /tmp/zipdeploy/12778626-2380-4401-baf6-28e1a4193a1c.zip (10.33 MB) to /tmp/zipdeploy/extracted" date="2025-07-26T22:17:33.732" >
      <step title="ChmodRecursive Process exited with total time taken in ms: 665" date="2025-07-26T22:17:44.762" /><!-- duration: 4ms -->
    </step><!-- duration: 11060ms -->
    <step title="Deployment timer started" date="2025-07-26T22:17:46.824" >
      <step title="DeploymentManager.Deploy(id:57681fff-d0fc-43b9-a8b3-d8cee34c1f83)" date="2025-07-26T22:17:46.833" >
        <step title="Collecting changeset information" date="2025-07-26T22:17:46.875" /><!-- duration: 85ms -->
        <step title="Updating submodules" date="2025-07-26T22:17:46.965" /><!-- duration: 1086ms -->
        <step title="Determining deployment builder" date="2025-07-26T22:17:48.198" >
          <step title="Builder is BasicBuilder" date="2025-07-26T22:17:48.216" /><!-- duration: 2ms -->
        </step><!-- duration: 22ms -->
        <step title="PreDeployment: context.CleanOutputPath False" date="2025-07-26T22:17:48.252" >
          <step title="PreDeployment: context.OutputPath /home/site/wwwroot" date="2025-07-26T22:17:48.328" >
            <step title="Building" date="2025-07-26T22:17:48.414" >
              <step title="Executing external process" date="2025-07-26T22:17:48.774" type="process" path="starter.sh" arguments="/opt/Kudu/Scripts/absoluteTar.sh /tmp/zipdeploy/extracted/node_modules /tmp/zipdeploy/extracted/node_modules.tar.gz" /><!-- duration: 4837ms -->
              <step title="Executing external process" date="2025-07-26T22:17:53.914" type="process" path="starter.sh" arguments="/opt/Kudu/Scripts/parallel_rsync.sh /tmp/zipdeploy/extracted /home/site/wwwroot 8 /tmp/ False True node_modules " /><!-- duration: 5391ms -->
              <step title="Triggering recycle (preview mode disabled)." date="2025-07-26T22:17:59.765" /><!-- duration: 2ms -->
              <step title="Modified file to trigger a restart of the app container." date="2025-07-26T22:17:59.791" /><!-- duration: 3ms -->
              <step title="Skip function trigger and logicapp sync because function is not enabled." date="2025-07-26T22:17:59.807" /><!-- duration: 3ms -->
            </step><!-- duration: 11943ms -->
          </step><!-- duration: 12033ms -->
          <step title="Cleaning up temp files" date="2025-07-26T22:18:00.363" /><!-- duration: 10ms -->
          <step title="Cleaning up temp files" date="2025-07-26T22:18:00.375" /><!-- duration: 522ms -->
          <step title="Reloading status file with latest updates" date="2025-07-26T22:18:00.948" >
            <step title="WebHooksManager.PublishEventAsync: PostDeployment" date="2025-07-26T22:18:00.968" /><!-- duration: 132ms -->
          </step><!-- duration: 171ms -->
          <step title="Cleaning up temporary deployment - fetch deployment was successful" date="2025-07-26T22:18:01.170" /><!-- duration: 11ms -->
        </step><!-- duration: 13029ms -->
      </step><!-- duration: 14499ms -->
