<step title="Incoming Request" date="2025-07-26T22:20:37.343" instance="a5653c" url="/api/zipdeploy?isAsync=true&amp;deployer=GITHUB_ZIP_DEPLOY&amp;message=%7B%22type%22%3A%22deployment%22%2C%22sha%22%3A%22c86bc3ee9760259b9b48ef4a0cc09420d3c9a38f%22%2C%22repoName%22%3A%22chattanoogahockey%2Fscorekeeper2%22%2C%22actor%22%3A%22chattanoogahockey%22%2C%22slotName%22%3A%22production%22%2C%22commitMessage%22%3A%22%22%7D" method="POST" type="request" pid="823,1,15" Host="scorekeeper.scm.azurewebsites.net" User-Agent="GITHUBACTIONS_DeployWebAppToAzure_185d9b4bcafe7e4ac3b2d131314f93e1d21a9c4fd3cd3426031e8ba675ca7140" Authorization="Bea..." Content-Type="application/octet-stream" Cookie="ARRAffinity=a5653cfdf14c8f3313bb5e81498415621191f39e9781757d6a8f77265d97d272;Path=/;HttpOnly;Secure;Domain=scorekeeper.scm.azurewebsites.net; ARRAffinitySameSite=a5653cfdf14c8f3313bb5e81498415621191f39e9781757d6a8f77265d97d272;Path=/;HttpOnly;SameSite=None;Secure;Domain=scorekeeper.scm.azurewebsites.net" Transfer-Encoding="chunked" X-ARR-LOG-ID="d771bfc4-1b7b-4859-b0ef-de8a36200da2" CLIENT-IP="20.81.158.145:55305" X-SITE-DEPLOYMENT-ID="scorekeeper" WAS-DEFAULT-HOSTNAME="scorekeeper.scm.azurewebsites.net" X-Forwarded-Proto="https" X-AppService-Proto="https" X-Forwarded-TlsVersion="1.3" X-WAWS-Unencoded-URL="/api/zipdeploy?isAsync=true&amp;deployer=GITHUB_ZIP_DEPLOY&amp;message=%7B%22type%22%3A%22deployment%22%2C%22sha%22%3A%22c86bc3ee9760259b9b48ef4a0cc09420d3c9a38f%22%2C%22repoName%22%3A%22chattanoogahockey%2Fscorekeeper2%22%2C%22actor%22%3A%22chattanoogahockey%22%2C%22slotName%22%3A%22production%22%2C%22commitMessage%22%3A%22%22%7D" X-Client-IP="20.81.158.145" X-Client-Port="55305" >
  <step title="Cleanup Xml Logs" date="2025-07-26T22:20:37.345" /><!-- duration: 4ms -->
  <step title="ZipPushDeploy" date="2025-07-26T22:20:37.386" >
    <step title="ZipDeploy. Extract zip." date="2025-07-26T22:20:37.392" /><!-- duration: 1ms -->
    <step title="Starting PushDeployAsync" date="2025-07-26T22:20:37.397" /><!-- duration: 2ms -->
    <step title="Removing node_modules symlink" date="2025-07-26T22:20:37.415" >
      <step title="Writing artifact to /tmp/zipdeploy/22503e83-c26d-4832-b469-c2f9be4108f5.zip" date="2025-07-26T22:20:37.546" >
        <step title="Writing multipart request body to /tmp/zipdeploy/22503e83-c26d-4832-b469-c2f9be4108f5.zip" date="2025-07-26T22:20:37.563" /><!-- duration: 12ms -->
      </step><!-- duration: 239ms -->
      <step title="Removing previous build artifact&apos;s manifest file" date="2025-07-26T22:20:37.790" >
        <step title="Start deployment in the background" date="2025-07-26T22:20:37.811" >
          <step title="Acquiring Deployment Lock" date="2025-07-26T22:20:37.824" /><!-- duration: 1ms -->
          <step title="Acquired Deployment Lock" date="2025-07-26T22:20:37.853" /><!-- duration: 1ms -->
        </step><!-- duration: 97ms -->
      </step><!-- duration: 122ms -->
      <step title="Outgoing response" date="2025-07-26T22:20:37.914" type="response" statusCode="202" statusText="Accepted" /><!-- duration: 1ms -->
    </step><!-- duration: 502ms -->
