<step title="Incoming Request" date="2025-07-26T22:39:45.911" instance="a5653c" url="/api/zipdeploy?isAsync=true&amp;deployer=GITHUB_ZIP_DEPLOY&amp;message=%7B%22type%22%3A%22deployment%22%2C%22sha%22%3A%22eaeb781df324dc0c1f5b1a4d1809cef4d3a6a887%22%2C%22repoName%22%3A%22chattanoogahockey%2Fscorekeeper2%22%2C%22actor%22%3A%22chattanoogahockey%22%2C%22slotName%22%3A%22production%22%2C%22commitMessage%22%3A%22Switch%20to%20schedule%20container%20for%20games%20API%20-%20matches%20actual%20Cosmos%20DB%20structure%22%7D" method="POST" type="request" pid="823,1,34" Host="scorekeeper.scm.azurewebsites.net" User-Agent="GITHUBACTIONS_DeployWebAppToAzure_185d9b4bcafe7e4ac3b2d131314f93e1d21a9c4fd3cd3426031e8ba675ca7140" Authorization="Bea..." Content-Type="application/octet-stream" Cookie="ARRAffinity=a5653cfdf14c8f3313bb5e81498415621191f39e9781757d6a8f77265d97d272;Path=/;HttpOnly;Secure;Domain=scorekeeper.scm.azurewebsites.net; ARRAffinitySameSite=a5653cfdf14c8f3313bb5e81498415621191f39e9781757d6a8f77265d97d272;Path=/;HttpOnly;SameSite=None;Secure;Domain=scorekeeper.scm.azurewebsites.net" Transfer-Encoding="chunked" X-ARR-LOG-ID="e8f5191a-c477-480b-9cb6-24b7d3ef30e2" CLIENT-IP="135.232.177.241:16393" X-SITE-DEPLOYMENT-ID="scorekeeper" WAS-DEFAULT-HOSTNAME="scorekeeper.scm.azurewebsites.net" X-Forwarded-Proto="https" X-AppService-Proto="https" X-Forwarded-TlsVersion="1.3" X-WAWS-Unencoded-URL="/api/zipdeploy?isAsync=true&amp;deployer=GITHUB_ZIP_DEPLOY&amp;message=%7B%22type%22%3A%22deployment%22%2C%22sha%22%3A%22eaeb781df324dc0c1f5b1a4d1809cef4d3a6a887%22%2C%22repoName%22%3A%22chattanoogahockey%2Fscorekeeper2%22%2C%22actor%22%3A%22chattanoogahockey%22%2C%22slotName%22%3A%22production%22%2C%22commitMessage%22%3A%22Switch%20to%20schedule%20container%20for%20games%20API%20-%20matches%20actual%20Cosmos%20DB%20structure%22%7D" X-Client-IP="135.232.177.241" X-Client-Port="16393" >
  <step title="Cleanup Xml Logs" date="2025-07-26T22:39:45.940" /><!-- duration: 39ms -->
  <step title="ZipPushDeploy" date="2025-07-26T22:39:46.281" >
    <step title="ZipDeploy. Extract zip." date="2025-07-26T22:39:46.353" /><!-- duration: 9ms -->
    <step title="Starting PushDeployAsync" date="2025-07-26T22:39:46.440" /><!-- duration: 2ms -->
    <step title="Removing node_modules symlink" date="2025-07-26T22:39:46.494" >
      <step title="Writing artifact to /tmp/zipdeploy/6720d25b-e300-4565-bb21-bb7afc1a54a5.zip" date="2025-07-26T22:39:46.653" >
        <step title="Writing multipart request body to /tmp/zipdeploy/6720d25b-e300-4565-bb21-bb7afc1a54a5.zip" date="2025-07-26T22:39:46.670" /><!-- duration: 2ms -->
      </step><!-- duration: 580ms -->
      <step title="Removing previous build artifact&apos;s manifest file" date="2025-07-26T22:39:47.284" >
        <step title="Start deployment in the background" date="2025-07-26T22:39:47.316" >
          <step title="Acquiring Deployment Lock" date="2025-07-26T22:39:47.469" /><!-- duration: 2ms -->
          <step title="Acquired Deployment Lock" date="2025-07-26T22:39:47.557" /><!-- duration: 2ms -->
        </step><!-- duration: 377ms -->
      </step><!-- duration: 412ms -->
      <step title="Outgoing response" date="2025-07-26T22:39:47.699" type="response" statusCode="202" statusText="Accepted" /><!-- duration: 2ms -->
    </step><!-- duration: 1209ms -->
