<step title="Incoming Request" date="2025-07-26T21:57:47.432" instance="a5653c" url="/api/zipdeploy?isAsync=true&amp;deployer=GITHUB_ZIP_DEPLOY&amp;message=%7B%22type%22%3A%22deployment%22%2C%22sha%22%3A%2264cccbe32b4d3146a7667d2c04338b4af3949d94%22%2C%22repoName%22%3A%22chattanoogahockey%2Fscorekeeper2%22%2C%22actor%22%3A%22chattanoogahockey%22%2C%22slotName%22%3A%22production%22%2C%22commitMessage%22%3A%22Clean%20professional%20setup%3A%20rename%20to%20scorekeeper.azurewebsites.net%20and%20remove%20all%20bloat%22%7D" method="POST" type="request" pid="821,1,5" Host="scorekeeper.scm.azurewebsites.net" User-Agent="GITHUBACTIONS_DeployWebAppToAzure_185d9b4bcafe7e4ac3b2d131314f93e1d21a9c4fd3cd3426031e8ba675ca7140" Authorization="Bea..." Content-Type="application/octet-stream" Cookie="ARRAffinity=a5653cfdf14c8f3313bb5e81498415621191f39e9781757d6a8f77265d97d272;Path=/;HttpOnly;Secure;Domain=scorekeeper.scm.azurewebsites.net; ARRAffinitySameSite=a5653cfdf14c8f3313bb5e81498415621191f39e9781757d6a8f77265d97d272;Path=/;HttpOnly;SameSite=None;Secure;Domain=scorekeeper.scm.azurewebsites.net" Transfer-Encoding="chunked" X-ARR-LOG-ID="5d123dbf-dcbc-4146-b370-32d39b1740cf" CLIENT-IP="40.79.247.64:50113" X-SITE-DEPLOYMENT-ID="scorekeeper" WAS-DEFAULT-HOSTNAME="scorekeeper.scm.azurewebsites.net" X-Forwarded-Proto="https" X-AppService-Proto="https" X-Forwarded-TlsVersion="1.3" X-WAWS-Unencoded-URL="/api/zipdeploy?isAsync=true&amp;deployer=GITHUB_ZIP_DEPLOY&amp;message=%7B%22type%22%3A%22deployment%22%2C%22sha%22%3A%2264cccbe32b4d3146a7667d2c04338b4af3949d94%22%2C%22repoName%22%3A%22chattanoogahockey%2Fscorekeeper2%22%2C%22actor%22%3A%22chattanoogahockey%22%2C%22slotName%22%3A%22production%22%2C%22commitMessage%22%3A%22Clean%20professional%20setup%3A%20rename%20to%20scorekeeper.azurewebsites.net%20and%20remove%20all%20bloat%22%7D" X-Client-IP="40.79.247.64" X-Client-Port="50113" >
  <step title="Cleanup Xml Logs" date="2025-07-26T21:57:47.523" /><!-- duration: 22ms -->
  <step title="ZipPushDeploy" date="2025-07-26T21:57:47.756" >
    <step title="ZipDeploy. Extract zip." date="2025-07-26T21:57:47.963" /><!-- duration: 2ms -->
    <step title="None repository commit" date="2025-07-26T21:57:47.983" >
      <step title="Commit id: d989d4dc-a42d-4ef6-815f-2efdbf7dfd3f" date="2025-07-26T21:57:47.991" Message="N/A" AuthorName="N/A" AuthorEmail="N/A" /><!-- duration: 9ms -->
    </step><!-- duration: 20ms -->
    <step title="Starting PushDeployAsync" date="2025-07-26T21:57:48.006" /><!-- duration: 15ms -->
    <step title="Writing artifact to /tmp/zipdeploy/54eed16b-dffb-4db0-80a4-a451512a226b.zip" date="2025-07-26T21:57:48.055" >
      <step title="Writing multipart request body to /tmp/zipdeploy/54eed16b-dffb-4db0-80a4-a451512a226b.zip" date="2025-07-26T21:57:48.059" /><!-- duration: 3ms -->
    </step><!-- duration: 1074ms -->
    <step title="Start deployment in the background" date="2025-07-26T21:57:49.187" >
      <step title="Acquiring Deployment Lock" date="2025-07-26T21:57:49.229" /><!-- duration: 17ms -->
      <step title="Acquired Deployment Lock" date="2025-07-26T21:57:49.484" /><!-- duration: 27ms -->
    </step><!-- duration: 507ms -->
  </step><!-- duration: 1969ms -->
  <step title="Outgoing response" date="2025-07-26T21:57:49.766" type="response" statusCode="202" statusText="Accepted" /><!-- duration: 17ms -->
</step><!-- duration: 2371ms -->
