<step title="BackgroundTrace" date="2025-07-26T21:57:49.198" instance="a5653c" url="/api/zipdeploy" method="POST" >
  <step title="Creating temporary deployment - FetchDeploymentManager" date="2025-07-26T21:57:49.543" /><!-- duration: 10ms -->
  <step title="Creating temporary deployment" date="2025-07-26T21:57:49.574" /><!-- duration: 109ms -->
  <step title="Performing fetch based deployment" date="2025-07-26T21:57:49.893" >
    <step title="Cleaning up temp folders from previous zip deployments and extracting pushed zip file /tmp/zipdeploy/54eed16b-dffb-4db0-80a4-a451512a226b.zip (10.33 MB) to /tmp/zipdeploy/extracted" date="2025-07-26T21:57:51.815" >
      <step title="ChmodRecursive Process exited with total time taken in ms: 784" date="2025-07-26T21:58:20.287" /><!-- duration: 19ms -->
    </step><!-- duration: 28524ms -->
    <step title="Deployment timer started" date="2025-07-26T21:58:22.398" >
      <step title="DeploymentManager.Deploy(id:d989d4dc-a42d-4ef6-815f-2efdbf7dfd3f)" date="2025-07-26T21:58:22.416" >
        <step title="Collecting changeset information" date="2025-07-26T21:58:22.480" /><!-- duration: 98ms -->
        <step title="Updating submodules" date="2025-07-26T21:58:22.583" /><!-- duration: 1106ms -->
        <step title="Determining deployment builder" date="2025-07-26T21:58:23.862" >
          <step title="Builder is BasicBuilder" date="2025-07-26T21:58:23.883" /><!-- duration: 2ms -->
        </step><!-- duration: 26ms -->
        <step title="PreDeployment: context.CleanOutputPath False" date="2025-07-26T21:58:23.936" >
          <step title="PreDeployment: context.OutputPath /home/site/wwwroot" date="2025-07-26T21:58:24.036" >
            <step title="Building" date="2025-07-26T21:58:24.139" >
              <step title="Executing external process" date="2025-07-26T21:58:24.552" type="process" path="starter.sh" arguments="/opt/Kudu/Scripts/absoluteTar.sh /tmp/zipdeploy/extracted/node_modules /tmp/zipdeploy/extracted/node_modules.tar.gz" /><!-- duration: 5462ms -->
              <step title="Executing external process" date="2025-07-26T21:58:30.243" type="process" path="starter.sh" arguments="/opt/Kudu/Scripts/parallel_rsync.sh /tmp/zipdeploy/extracted /home/site/wwwroot 8 /tmp/ False True node_modules " /><!-- duration: 4664ms -->
              <step title="Triggering recycle (preview mode disabled)." date="2025-07-26T21:58:35.401" /><!-- duration: 6ms -->
              <step title="Modified file to trigger a restart of the app container." date="2025-07-26T21:58:35.442" /><!-- duration: 3ms -->
              <step title="Skip function trigger and logicapp sync because function is not enabled." date="2025-07-26T21:58:35.459" /><!-- duration: 9ms -->
            </step><!-- duration: 12075ms -->
          </step><!-- duration: 12232ms -->
          <step title="Cleaning up temp files" date="2025-07-26T21:58:36.286" /><!-- duration: 12ms -->
          <step title="Cleaning up temp files" date="2025-07-26T21:58:36.307" /><!-- duration: 512ms -->
          <step title="Reloading status file with latest updates" date="2025-07-26T21:58:36.851" >
            <step title="WebHooksManager.PublishEventAsync: PostDeployment" date="2025-07-26T21:58:36.892" /><!-- duration: 149ms -->
          </step><!-- duration: 194ms -->
          <step title="Cleaning up temporary deployment - fetch deployment was successful" date="2025-07-26T21:58:37.052" /><!-- duration: 3ms -->
        </step><!-- duration: 13181ms -->
      </step><!-- duration: 14717ms -->
