<step title="BackgroundTrace" date="2025-07-26T22:20:37.812" instance="a5653c" url="/api/zipdeploy" method="POST" >
  <step title="Creating temporary deployment - FetchDeploymentManager" date="2025-07-26T22:20:37.856" /><!-- duration: 2ms -->
  <step title="Creating temporary deployment" date="2025-07-26T22:20:37.863" /><!-- duration: 43ms -->
  <step title="Performing fetch based deployment" date="2025-07-26T22:20:37.921" >
    <step title="Cleaning up temp folders from previous zip deployments and extracting pushed zip file /tmp/zipdeploy/22503e83-c26d-4832-b469-c2f9be4108f5.zip (10.33 MB) to /tmp/zipdeploy/extracted" date="2025-07-26T22:20:39.059" >
      <step title="ChmodRecursive Process exited with total time taken in ms: 358" date="2025-07-26T22:20:50.077" /><!-- duration: 4ms -->
    </step><!-- duration: 11037ms -->
    <step title="Deployment timer started" date="2025-07-26T22:20:52.109" >
      <step title="DeploymentManager.Deploy(id:f232ad7c-8355-43b0-b88e-ab2e977c1a51)" date="2025-07-26T22:20:52.115" >
        <step title="Collecting changeset information" date="2025-07-26T22:20:52.181" /><!-- duration: 78ms -->
        <step title="Updating submodules" date="2025-07-26T22:20:52.266" /><!-- duration: 1099ms -->
        <step title="Determining deployment builder" date="2025-07-26T22:20:53.503" >
          <step title="Builder is BasicBuilder" date="2025-07-26T22:20:53.518" /><!-- duration: 2ms -->
        </step><!-- duration: 20ms -->
        <step title="PreDeployment: context.CleanOutputPath False" date="2025-07-26T22:20:53.554" >
          <step title="PreDeployment: context.OutputPath /home/site/wwwroot" date="2025-07-26T22:20:53.647" >
            <step title="Building" date="2025-07-26T22:20:53.782" >
              <step title="Executing external process" date="2025-07-26T22:20:54.148" type="process" path="starter.sh" arguments="/opt/Kudu/Scripts/absoluteTar.sh /tmp/zipdeploy/extracted/node_modules /tmp/zipdeploy/extracted/node_modules.tar.gz" /><!-- duration: 4767ms -->
              <step title="Executing external process" date="2025-07-26T22:20:59.136" type="process" path="starter.sh" arguments="/opt/Kudu/Scripts/parallel_rsync.sh /tmp/zipdeploy/extracted /home/site/wwwroot 8 /tmp/ False True node_modules " /><!-- duration: 4064ms -->
              <step title="Triggering recycle (preview mode disabled)." date="2025-07-26T22:21:03.800" /><!-- duration: 11ms -->
              <step title="Modified file to trigger a restart of the app container." date="2025-07-26T22:21:03.858" /><!-- duration: 2ms -->
              <step title="Skip function trigger and logicapp sync because function is not enabled." date="2025-07-26T22:21:03.863" /><!-- duration: 10ms -->
            </step><!-- duration: 10696ms -->
          </step><!-- duration: 10836ms -->
          <step title="Cleaning up temp files" date="2025-07-26T22:21:04.486" /><!-- duration: 7ms -->
          <step title="Cleaning up temp files" date="2025-07-26T22:21:04.495" /><!-- duration: 510ms -->
          <step title="Reloading status file with latest updates" date="2025-07-26T22:21:05.069" >
            <step title="WebHooksManager.PublishEventAsync: PostDeployment" date="2025-07-26T22:21:05.075" /><!-- duration: 25ms -->
          </step><!-- duration: 33ms -->
          <step title="Cleaning up temporary deployment - fetch deployment was successful" date="2025-07-26T22:21:05.106" /><!-- duration: 2ms -->
        </step><!-- duration: 11653ms -->
      </step><!-- duration: 13153ms -->
