<step title="Incoming Request" date="2025-07-26T22:42:25.073" instance="a5653c" url="/api/zipdeploy?isAsync=true&amp;deployer=GITHUB_ZIP_DEPLOY&amp;message=%7B%22type%22%3A%22deployment%22%2C%22sha%22%3A%22be63e3d82fecd745acceab3e07fcbb718d3a089e%22%2C%22repoName%22%3A%22chattanoogahockey%2Fscorekeeper2%22%2C%22actor%22%3A%22chattanoogahockey%22%2C%22slotName%22%3A%22production%22%2C%22commitMessage%22%3A%22FIXED%3A%20Use%20games%20container%20with%20correct%20division%20query%20-%20found%20actual%20data%20structure!%22%7D" method="POST" type="request" pid="823,1,23" Host="scorekeeper.scm.azurewebsites.net" User-Agent="GITHUBACTIONS_DeployWebAppToAzure_185d9b4bcafe7e4ac3b2d131314f93e1d21a9c4fd3cd3426031e8ba675ca7140" Authorization="Bea..." Content-Type="application/octet-stream" Cookie="ARRAffinity=a5653cfdf14c8f3313bb5e81498415621191f39e9781757d6a8f77265d97d272;Path=/;HttpOnly;Secure;Domain=scorekeeper.scm.azurewebsites.net; ARRAffinitySameSite=a5653cfdf14c8f3313bb5e81498415621191f39e9781757d6a8f77265d97d272;Path=/;HttpOnly;SameSite=None;Secure;Domain=scorekeeper.scm.azurewebsites.net" Transfer-Encoding="chunked" X-ARR-LOG-ID="9ef73d98-19c8-49c8-9ecd-cdd9f7314f74" CLIENT-IP="52.225.25.48:27585" X-SITE-DEPLOYMENT-ID="scorekeeper" WAS-DEFAULT-HOSTNAME="scorekeeper.scm.azurewebsites.net" X-Forwarded-Proto="https" X-AppService-Proto="https" X-Forwarded-TlsVersion="1.3" X-WAWS-Unencoded-URL="/api/zipdeploy?isAsync=true&amp;deployer=GITHUB_ZIP_DEPLOY&amp;message=%7B%22type%22%3A%22deployment%22%2C%22sha%22%3A%22be63e3d82fecd745acceab3e07fcbb718d3a089e%22%2C%22repoName%22%3A%22chattanoogahockey%2Fscorekeeper2%22%2C%22actor%22%3A%22chattanoogahockey%22%2C%22slotName%22%3A%22production%22%2C%22commitMessage%22%3A%22FIXED%3A%20Use%20games%20container%20with%20correct%20division%20query%20-%20found%20actual%20data%20structure!%22%7D" X-Client-IP="52.225.25.48" X-Client-Port="27585" >
  <step title="Cleanup Xml Logs" date="2025-07-26T22:42:25.077" /><!-- duration: 4ms -->
  <step title="ZipPushDeploy" date="2025-07-26T22:42:25.093" >
    <step title="ZipDeploy. Extract zip." date="2025-07-26T22:42:25.097" /><!-- duration: 1ms -->
    <step title="Starting PushDeployAsync" date="2025-07-26T22:42:25.101" /><!-- duration: 1ms -->
    <step title="Removing node_modules symlink" date="2025-07-26T22:42:25.122" >
      <step title="Writing artifact to /tmp/zipdeploy/e14f80fc-c424-4e48-a754-9a2e33244c9c.zip" date="2025-07-26T22:42:25.222" >
        <step title="Writing multipart request body to /tmp/zipdeploy/e14f80fc-c424-4e48-a754-9a2e33244c9c.zip" date="2025-07-26T22:42:25.239" /><!-- duration: 2ms -->
      </step><!-- duration: 410ms -->
      <step title="Removing previous build artifact&apos;s manifest file" date="2025-07-26T22:42:25.649" >
        <step title="Start deployment in the background" date="2025-07-26T22:42:25.658" >
          <step title="Acquiring Deployment Lock" date="2025-07-26T22:42:25.682" /><!-- duration: 1ms -->
          <step title="Acquired Deployment Lock" date="2025-07-26T22:42:25.714" /><!-- duration: 2ms -->
        </step><!-- duration: 139ms -->
      </step><!-- duration: 152ms -->
      <step title="Outgoing response" date="2025-07-26T22:42:25.803" type="response" statusCode="202" statusText="Accepted" /><!-- duration: 1ms -->
    </step><!-- duration: 684ms -->
